{"assets/Logo.png":["assets/Logo.png"],"assets/Manager/Avatar/avatar.jpg":["assets/Manager/Avatar/avatar.jpg"],"assets/Manager/Avatar/avatar01.jpg":["assets/Manager/Avatar/avatar01.jpg"],"assets/Manager/Avatar/avatar02.jpg":["assets/Manager/Avatar/avatar02.jpg"],"assets/Manager/Avatar/avatar03.jpg":["assets/Manager/Avatar/avatar03.jpg"],"assets/Manager/Avatar/avatar04.jpg":["assets/Manager/Avatar/avatar04.jpg"],"assets/Manager/Avatar/avatar05.jpg":["assets/Manager/Avatar/avatar05.jpg"],"assets/Manager/Coupon/coupon1.jpg":["assets/Manager/Coupon/coupon1.jpg"],"assets/images/1.jpg":["assets/images/1.jpg"],"assets/images/2.jpg":["assets/images/2.jpg"],"assets/images/3.jpg":["assets/images/3.jpg"],"assets/images/4.jpg":["assets/images/4.jpg"],"assets/images/5.jpg":["assets/images/5.jpg"],"assets/images/banner1.jpg":["assets/images/banner1.jpg"],"assets/images/banner2.jpg":["assets/images/banner2.jpg"],"assets/images/banner3.png":["assets/images/banner3.png"],"assets/images/bn1.jpg":["assets/images/bn1.jpg"],"assets/images/bn2.jpg":["assets/images/bn2.jpg"],"assets/images/bn3.jpg":["assets/images/bn3.jpg"],"assets/images/cd1.jpg":["assets/images/cd1.jpg"],"assets/images/cd2.jpg":["assets/images/cd2.jpg"],"assets/images/headphones.jpg":["assets/images/headphones.jpg"],"assets/images/laptop.jpg":["assets/images/laptop.jpg"],"assets/images/logo.png":["assets/images/logo.png"],"assets/images/logoapbar.jpg":["assets/images/logoapbar.jpg"],"assets/images/macbook_main.jpg":["assets/images/macbook_main.jpg"],"assets/images/macbook_thumb1.jpg":["assets/images/macbook_thumb1.jpg"],"assets/images/macbook_thumb2.jpg":["assets/images/macbook_thumb2.jpg"],"assets/images/voucher1.jpg":["assets/images/voucher1.jpg"],"assets/images/voucher2.jpg":["assets/images/voucher2.jpg"],"assets/placeholder.jpg":["assets/placeholder.jpg"],"packages/cupertino_icons/assets/CupertinoIcons.ttf":["packages/cupertino_icons/assets/CupertinoIcons.ttf"],"packages/font_awesome_flutter/lib/fonts/fa-brands-400.ttf":["packages/font_awesome_flutter/lib/fonts/fa-brands-400.ttf"],"packages/font_awesome_flutter/lib/fonts/fa-regular-400.ttf":["packages/font_awesome_flutter/lib/fonts/fa-regular-400.ttf"],"packages/font_awesome_flutter/lib/fonts/fa-solid-900.ttf":["packages/font_awesome_flutter/lib/fonts/fa-solid-900.ttf"],"packages/lucide_icons/assets/lucide.ttf":["packages/lucide_icons/assets/lucide.ttf"]}